{
    "africa north": [
        -18.2,
        4.0,
        33.6,
        35.9
    ],
    "africa south": [
        8.7,
        -26.0,
        50.4,
        3.8
    ],
    "africa cape town": [
        18.300011,
        -34.367532,
        18.76457,
        -33.786825
    ],
    "europe": [
        -11.26,
        36.01,
        30.45,
        60.5
    ],
    "south africa": [
        16.26,
        -35.06,
        33.37,
        -21.92
    ],
    "asia north": [
        33.28,
        27.93,
        124.34,
        53.12
    ],
    "asia south": [
        66.26,
        5.9,
        126.98,
        27.64
    ],
    "n. america south": [
        -124.84,
        12.82,
        -61.79,
        49.26
    ]
}